address,squadron,prefund,ste,STE Real,tickets
terra17snxw0q6f8r96gfrwply565vl09z4826lkkgqy,degens,5000,16919.2432,16919.2432,67
terra18dm7yqg606lfgh2r6nmgfn20gnwuwhww94hev4,degens,10000,16173.92004,16173.92004,64
terra1a0mcezl5tkjtq7vcgg7tz208utf2tqyca0ln8w,degens,6000,16000,16000,64
terra1snrx583sy446705xpy52mlzjpk25adquh9ty39,degens,2500,15488.29108,15488.29108,61
terra1h4gg9xxw9jdjkqjsy5tfvnk5cs7rq0we4q7hr8,degens,10000,15059.35019,15059.35019,60
terra19afusvflyxczjsutx5nmzg2e9gdnk0nq8955x0,degens,10000,14000,14000,56
terra1vw668vuta6t6dnjspe396kf884xpgvdh6k6jkt,degens,10000,13860.02712,13860.02712,55
terra1cthen86pmuhrrgdhexdvzhwgyyjaqsr5xws2xm,degens,9940,13218.34624,13218.34624,52
terra1ku7wxh507xhl5nqu7kzzk82lnk2gjd4qcrr2qq,degens,10000,13000,13000,52
terra14hnst75h658ng7z4twh33fjd0t83vxtqwaytcd,degens,10000,12900,12900,51
terra1qljme89gd3kle5elhhc3es7kqc0um2yxz3lrfg,degens,10000,12532.66027,12532.66027,50
terra1q9m55dcql34hmkl4jrv6xj9y4h2z69wnhnwdc7,degens,10000,12500,12500,50
terra1x42njvcfdpynsp2vef9639xspduf2eg8ts5pwk,degens,10000,11593.41492,11593.41492,46
terra1z22s6rzvx8rj8deayspjv8pjn6v4wgdalu5nw8,degens,4000,10891.57494,10891.57494,43
terra1aqdp80kwthpyrxlkcn6ef5348yvudaxau5j5f5,degens,3000,10848.92552,10848.92552,43
terra1c8dp2d7gyjah5sk5l7wk8l227dm63lpfgrsa70,degens,3000,10230.28106,10230.28106,40
terra1zc9e667lvg4k5u7muyxj58d4whdjwwqk6u3c44,degens,3000,10076.96526,10076.96526,40
terra17cj0a5wj86qyx0xsz2ach9kn384dfyal0yeqcm,degens,10000,9810.484579,9810.484579,39
terra1s98j90zy2ef5hrhq4evalts5ldyp0cscesr94f,degens,10000,9750.431529,9750.431529,39
terra19n7s6apv2fu6swjklm434uadsl63almgkgfvgx,degens,10000,9524.713699,9524.713699,38
terra1jtvpps8v22qvv3l9ymm3l48fspduudpq3833cm,degens,3500,9398.980384,9398.980384,37
terra1pvh4n0prtk3q7mgszeqh9q0w5u2yx25uql2ddm,degens,2500,8996.118833,8996.118833,35
terra1fz4r2czzlq0nhyql2wn42yn52yj38su9d0fyhx,degens,10000,8794.535862,8794.535862,35
terra1tnw7h6whkg40dq8tyvv49k3crfegzure03kfe8,degens,10000,8611.269944,8611.269944,34
terra1grqz4epwzlh27ujvflwxghsn86nj43hchykv3j,degens,10000,8610.02283,8610.02283,34
terra1370aahfrc3kg99qw5hf8us24xs944qf5gas7ds,degens,10000,8513.615158,8513.615158,34
terra1td5v7f3upvxctnr6s2lcmzz5fesuxzgajg34d8,degens,10000,8104.173629,8104.173629,32
terra15tynl4g5e34u3dktv8vl97zvzqz037340k7asr,degens,3000,8073.622612,8073.622612,32
terra152j6pyg6xkwdghj467rfclhcljfrexq397ct2x,degens,2400,7770.890045,7770.890045,31
terra1cclynq84zhc39e9plfzvj7fl4chefzg3wsetgv,degens,2500,7381.930243,7381.930243,29
terra1e67hqlgsjavvdma3shewndsdwqwauc2zsx3aax,degens,2000,7292.657301,7292.657301,29
terra16jwsvrek8d0k5shlpmhccpu635zqkzq8djxn9m,degens,6400,7133.842015,7133.842015,28
terra102vqktp9p0dm4g0pq2e3lgxr46tqcs9nj6wzwp,degens,10000,6832.232277,6832.232277,27
terra1vr6lhm2lqnyshu4mhqw9u7mp408zmwr8vpfkpt,degens,10000,6797.776197,6797.776197,27
terra1rdlp8la0ywwv609jm3eveexerlxr97xw9pe865,degens,4235,6789.733947,6789.733947,27
terra1cml5mmsdh674943psrlvsxva3qxrc4qapq8t33,degens,3800,6729.262108,6729.262108,26
terra19y0q4qje9807nlpypemucls2vxd2jtl8n5wpz5,degens,10000,6615.516753,6615.516753,26
terra195cxdzsul7nkd6l7mgxultuxe28y8vqs48p35c,degens,2000,6501.615531,6501.615531,26
terra1llywmzwv856lq9krq7efzea9llek537la0jrnz,degens,9000,6345.595485,6345.595485,25
terra133c3vjaqq3yx0zu964fxqfxdr59n2644cvfzuy,degens,8500,6247.705869,6247.705869,24
terra1psay4ugv3m3s863kqjz5qpdcnmvj35003e465s,degens,2000,6176.684257,6176.684257,24
terra1a9fptetqwywvxlddl449y2jt8xrt7vffmvnw4l,degens,10000,6128.225793,6128.225793,24
terra1xppe2mg306z20wddpwmq7xqvzgwv08v3qfxy9f,degens,10000,6102.092026,6102.092026,24
terra1m9vgzuk0kdzafkfxhyvj2usnt2xpv6nrl6s9dt,degens,6501,6100.19357,6100.19357,24
terra1e6wrfvsvkveu0erglrnukltwa0zlkcw730hk40,degens,4000,5990.62092,5990.62092,23
terra1fjquyucxhek7ut7h596mwcrhfllyr8mvurfpmx,degens,10000,5923.83755,5923.83755,23
terra1yp5y6a38tpfgqdrr3u9mx9jktrpz3mmsvylge9,degens,3000,5838.34335,5838.34335,23
terra1h59hphet9gvdarr58twppla0qcln5g26w9dkyh,degens,2000,5568.466554,5568.466554,22
terra17u9gvvrwy0uzdcmcpxc3zeu0fs4pxkp65jkr6e,degens,10000,5405.529364,5405.529364,21
terra13zf6gkq0xfwq0ep4glfvn6cfg7dkx56mw2u575,degens,2000,5277.406488,5277.406488,21
terra1akpz8efgy55c8amt6fjkh90m2zenmzmwgywcux,degens,7500,5059.925699,5059.925699,20
terra15zzcjnrs8fhmudutl6ltsk5a3e3y4m2palt5ne,degens,2500,5026.042607,5026.042607,20
terra18nflpgup79mn3hr986f3guckvnf3rs9uqgt44l,degens,10000,5000.969006,5000.969006,20
terra1nwd9x08hhs9gm6rx5pucutj7hknt9e4kkzzfz4,degens,10000,4871.301278,4871.301278,19
terra1plzug9mwq42wktjj6yt9772r25meug09du9s2c,degens,5001,4833.002144,4833.002144,19
terra1mghsnv4k45ajy5n5xxf8rdvu6fsdke0q8kwndh,degens,9000,4817.089686,4817.089686,19
terra1wyjk7lee4r4whgxqpxfeu34rzs950d7c96gwgn,degens,2000,4795.775863,4795.775863,19
terra1c42nxys3z6z6qy7tx4tezg7rednjhvegnev25r,degens,6210,4758.98184,4758.98184,19
terra1zz96n27exe5fsu2me3mgmg3qfnjvnsjpp9tj49,degens,2000,4607.360252,4607.360252,18
terra1hf67a7aj4uqvh6kjfuapy9sh9ujkqyu4rvjav3,degens,10000,4571.997102,4571.997102,18
terra1u6r30yhxg0pccqjmg2mfjnktnth9tlwfm3vj5w,degens,8000,4527.852854,4527.852854,18
terra1d5jgne000ya7mmqvjjm7rzs8ddd8n8vvpr4wrh,degens,2200,4498.393581,4498.393581,17
terra193n9vkl66vznhnteympukqvvx7xn7pjec4ajg6,degens,2000,4475.090643,4475.090643,17
terra1w99xpz2ewz29updeehp5ejdavngxn2a73tx3lz,degens,4000,4462.123668,4462.123668,17
terra1pl8tkyzcjch6yfm8lr3yuj0m6fxsy6yxpnyk99,degens,2000,4393.478698,4393.478698,17
terra13n6cxaf2e77hcxlk9y4hmjd5sjtvjujh3frt2w,degens,3000,4376.668559,4376.668559,17
terra1s423s24d3hn7avalspk3rzfqvncrfygv6gq87m,degens,4188,4333.564986,4333.564986,17
terra1kxy6lhfkj084c5nweeunvc2een9lgdptctyye8,degens,5000,4250.68394,4250.68394,17
terra1exqauxdu0acpvg4pxkr246aqq9lw2hyr0tpk50,degens,5000,4235.859875,4235.859875,16
terra1z7h3uvq8nnvuqhj6naa039kexkrkudmpndecqj,degens,10000,4230.01,4230.01,16
terra1v2qpsy620wj26avvq2ylgj5k4f4fqswh2hl9s8,degens,5000,4222.795373,4222.795373,16
terra15gd548sc0k8vfnzlpwpkh4hcujlynruf4cc82v,degens,5000,4216.04195,4216.04195,16
terra1kqyvp63sjsze8st8msutcj8hup69ytd4ct8s0u,degens,7000,4098.755463,4098.755463,16
terra1v22rfrq466daan5lskh7y0nfsagy5t9ldjv37n,degens,5000,4093.281804,4093.281804,16
terra1trztglxg7rlw5rkdg2pq73na0w0ne5e304kn97,degens,3000,4093.168483,4093.168483,16
terra1n9y03kej8jxmhnmk4n9lmtg32uppac7maflj96,degens,2001,4084.917121,4084.917121,16
terra14fmt54m27p6eep578n4tw388njvuyzmm7lv66y,degens,10000,4064.049882,4064.049882,16
terra17dac83g82gr2x8w7k2nj6hscvnzd66edtvhk7u,degens,10000,4062.130361,4062.130361,16
terra138jz60f7z59c2u90vxv0gf862trrqjqg25njjr,degens,6580,4041.113388,4041.113388,16
terra1rg3swucefj8csmrpsnktk7k3272z6ak9kpsv8m,degens,10000,4006.993629,4006.993629,16
terra1klffg5wprvh4aem463kca6p2zawhfa0t2h8u7p,degens,5000,3994.653881,3994.653881,15
terra129etxfnerdefcclwqw5kc02v8z0689hlt937ke,degens,2500,3982.334165,3982.334165,15
terra1p6lt7a5mf6r3kqzcfjyp4qqlvl330mkjmqnspu,degens,2200,3950.1478,3950.1478,15
terra1gw3zr5kds8rcstt0qqlheuhxvjvnl7p4nlwqpa,degens,10000,3912.632097,3912.632097,15
terra1gan8naj2rvg5n0w4e54835nfuv7w0xtkwnmy4d,degens,2000,3893.812823,3893.812823,15
terra1g7auv609yjppwxak9ajxcenjwtk4zaaaktwl2d,degens,2000,3883.620739,3883.620739,15
terra19dv4atrp4rshe2g55z0atxwdvlpv5zevkuq6xn,degens,2510,3879.108931,3879.108931,15
terra1582mgzfx0kyskmwn0c5ggun7h84gqtg2aqs7am,degens,2300,3867.787875,3867.787875,15
terra109kjy26hf5sfn96w3sgt9mqayyl0hfw9kypkfd,degens,2000,3859.065005,3859.065005,15
terra1zu6r9s49ffzgpgkj56wzu04yfzqkukyj5vt323,degens,2000,3852.662198,3852.662198,15
terra1m2cqt7gec8eucl7fc0cfc0qztv9gkw6kehxkrt,degens,2000,3846.035248,3846.035248,15
terra14g3y4rfp97uunqyv30fzay0ach793lrjqln9ka,degens,2000,3838.231037,3838.231037,15
terra19pg7pj8q7dhxnu7mslfqmpwz2tpd99ynm8awen,degens,4850,3803.18062,3803.18062,15
terra1r4874wwzhelka3ekvgc9cve0mhw7c5kx8a482r,degens,3000,3794.270241,3794.270241,15
terra12nnk8578uq5zle5q8t56ru9yx3lp4gl8uqupfz,degens,2000,3780.73734,3780.73734,15
terra1g886ksdjzzs5zutnngqdjhpmnl2qelnj664d9h,degens,3000,3762.011933,3762.011933,15
terra13s8rw82j4etd794m7907t5g8k8jrfz9zrmk3f5,degens,4000,3756.08634,3756.08634,15
terra1pe3j5wnkp6nk3297yxn73rgvqf50uadfkc4v6f,degens,2000,3756.012714,3756.012714,15
terra1lt2nqjl5gfsnpwdlak7pakd6zz98n3m7j5zq6d,degens,2000,3755.815572,3755.815572,15
terra1vq4wqg950ectvta96929myxy0tycy3kg7w5agf,degens,2100,3750.724014,3750.724014,15
terra1hscaf8syx3haj6ccry9t6w5gmmt5du48xdrnr8,degens,2000,3750.380803,3750.380803,15
terra1f7z5zlhzngzupwmlwrdn4535s9nz7y8wek2drw,degens,5000,3750,3750,15
terra1y3gssp67hsctlsvtut4qlu5y85qm7q3gav0jnz,degens,10000,3742.296724,3742.296724,14
terra1skt6kdk5w7qgkk690wx9xdla9ft9k6ffsdw5wq,degens,3500,3729.571437,3729.571437,14
terra16vmqv8jyux606ulgq2h8t2vyd0k8aqh5cgeple,degens,3000,3712.821308,3712.821308,14
terra1pxrsjzx0vgk8zx95ru5m6mvrwr9mzpchkfq7ug,degens,5000,3683.274812,3683.274812,14
terra1an5wehzgyaalcyju4grmu5kn9fmd3ptc35q2ql,degens,2000,3654.924033,3654.924033,14
terra136l65rtu0ckpykarvk2sh85pwdqd5tt0xveaeg,degens,4000,3653.669323,3653.669323,14
terra10my55ndyhpr7ww4r7hh4wyepdpzlxck7tj63m8,degens,8050.991001,3595.545023,3595.545023,14
terra15l2dss2w39qp7ahlm9cf88km3lspstp5236w7p,degens,2000,3594.33328,3594.33328,14
terra10lwmun98vpv9fuup2jnjvwp70a9778ra8tqjpm,degens,3000,3576.967639,3576.967639,14
terra1kfr4wznhwelzhal8gc8es67tcx4g4tsyww4njn,degens,4000,3576.713385,3576.713385,14
terra1758ar44285yukrvn4ryz22m32eezh3jtykx7t9,degens,10000,3543.561851,3543.561851,14
terra1th5vjqygc8f4095apauupvm070jahy7xfyada4,degens,12000,3541.051684,3541.051684,14
terra127yfdgj8ursvj9p7ljc9rfr8ty4y90d73hpleg,degens,2000,3536.348549,3536.348549,14
terra1ku8k6l2vt4zhple8kmhah23u27yc5zt3lzs2jn,degens,2001,3531.885237,3531.885237,14
terra1803hj37yh5ugkptpv2fml67e8q36h8sesxmzwq,degens,2000,3516.573061,3516.573061,14
terra1gdfvzyzl9erpd05mlfejd94tw76c2atekytf53,degens,10000,3510.417656,3510.417656,14
terra1huxm8h4609kz3w7te84r376crulsse2nsahu9d,degens,2000,3510.001555,3510.001555,14
terra1xf58j7j6kmu6k9w8c3np4yqjeyzwa53cyll8m3,degens,2000,3509.375444,3509.375444,14
terra1jxaq9xnympm5l4yvccdayyara65uvphu6l8tva,degens,2010,3506.090072,3506.090072,14
terra1v7jehlsl6ww78m5jgj4edjmdg08pct7qw0srnq,degens,10000,3504.64131,3504.64131,14
terra1y25h7u68dju4paz6kx7d37xpfex3zndq7fc202,degens,3000,3504.354355,3504.354355,14
terra142z50x665v8g7eth8vm42m9d2lys54fu8p0ha5,degens,9900,3502.932002,3502.932002,14
terra13sa5zhy5w2upasszcx8hepy7g47f3p0vcy756c,degens,3500.706573,3501.769299,3501.769299,14
terra1ngv362sa5aewqssdu57hdgwk3mk89c9x57y0pc,degens,9460,3501.48908,3501.48908,14
terra1h4d0vqvp0tuyt2a7qdngnv7c7yu0ejesr8c96v,degens,2500,3500.263514,3500.263514,14
terra1ngfm3dk4kl9ndmrtcc34jcmvetcrvv8j9v3egm,degens,10000,3500,3500,14
terra1ztpfxk5xksms5s8mzavu95x7lxw7kup4hjhecx,degens,3000,3489.05244,3489.05244,13
terra12xdrtw0j4uvzmcnkla8spwzm4jv53gevuexfc7,degens,2002,3489.006568,3489.006568,13
terra1a8mynmdzkdrklchepcz96navjl05vtqjmfkgjx,degens,3000,3479.844444,3479.844444,13
terra16256hqvmuneua3dpwjk5c9wnsqaphrqyysk6dt,degens,4000,3473.608004,3473.608004,13
terra19nw5utdpq90lanzxa576c87nf8qwqsqn8nk6vh,degens,4000,3451.823075,3451.823075,13
terra1s0tt2939g6kp59fs4d4mj2j9wewu9xl6suz30n,degens,5000,3451.562109,3451.562109,13
terra1p3mkmjqw4sz7am95e744vs2gqg0uq3lhpy9zkf,degens,2900,3451.162439,3451.162439,13
terra1cs5dz5ndummjrjrhra5fg5pm7eqrl2k5rcw9ef,degens,8000,3440.913072,3440.913072,13
terra14eyca4vwscdc6n4yfa966lr0z98mwvf5v4pud5,degens,2000,3428.78642,3428.78642,13
terra19scgxr54cvrlntqt8ugmj0fvv9qmmtz2d99gze,degens,2000,3423.919006,3423.919006,13
terra14tl9v2s7ju8kemvf6xvuvc0pwtruqmyx3jvf6f,degens,2000,3413.499114,3413.499114,13
terra1vfxrttefrtqnwkq6xykj7rsqq53x5xt06g4m4c,degens,2500,3375.607207,3375.607207,13
terra187rpv9wsw0dnhtacq98q9hnk28cmuqy7lgrv0y,degens,2030,3375.169205,3375.169205,13
terra1jmk7x23pqzw2z9uk30przwkxqcegr2ftjnwlzf,degens,2000,3373.856155,3373.856155,13
terra12rz7p5qtepgcgwmdlqexj67wukh3h29d266dlw,degens,2000,3364.100057,3364.100057,13
terra1r3wpe2unyhcdd7p7384mypgmwdv0vx9yy6udsg,degens,2000,3353.198288,3353.198288,13
terra1lhms70k2exkdyzzz8emkgy7pzpdjekdpndlr8e,degens,2400,3351.69579,3351.69579,13
terra1e3r0eezgjsfkk0pwlyhr4rlaz5n8yfp8qpnqgp,degens,10000,3327.032603,3327.032603,13
terra1zjydgdhd8uk4u29tq2e68j7kmqxrk3vsm6nur5,degens,10000,3326.87206,3326.87206,13
terra17vf4pzcjmlld8xfrld035zytjszzuhp7e5gs4q,degens,7842.545367,3318.021269,3318.021269,13
terra1y9pusrv2e5dateunus75d7x7kcn483l5ed82fa,degens,10000,3305.418305,3305.418305,13
terra1elkmx4mk0zwu20mcxcnv4klp5sp3sd7348gm2n,degens,2300,3304.72362,3304.72362,13
terra13tyltntu0eunf7q9wkvmxn6u20gyslvux9dqgk,degens,8000,3302.50975,3302.50975,13
terra19r0wntr7pmyj76m88w5g66hm850qczqd9z6slf,degens,3085,3290.753821,3290.753821,13
terra1sqf5jtvx54tx4fr2lstqta4qlx6va2vvpezyte,degens,2000,3288.767884,3288.767884,13
terra1sh3wnymq6tt9xla5qureu7mvzmzvunrtrr877h,degens,6380,3282.158563,3282.158563,13
terra1ggshm7mt04ns3h34mmh0ujpk8smpwfs0ntn87x,degens,2500,3279.231687,3279.231687,13
terra1u6x3f3spehtwrjl5x4lg4s7nmkhmt25u4c7mfe,degens,4638,3278.153454,3278.153454,13
terra17vx0ad0w0u7englkyjepya777nvdr6tmhjfmxe,degens,2001,3275.158633,3275.158633,13
terra1aw5zn94yr98dmg4m6rhdzrc825njnn6u0hzfgf,degens,10000,3273.911098,3273.911098,13
terra1623r8vhr2xccjalpzjwcn7gtq4upu4j23n80kd,degens,10000,3272.292665,3272.292665,13
terra120sqzlx0e4zqkyr4fmey3dk7jaxzxjzh2ewzus,degens,3000,3267.967181,3267.967181,13
terra15rhnxrks9yukcxur200j2zkj733vyuyzt6xpqu,degens,2202.05401,3267.663759,3267.663759,13
terra1c8t9een33s2rs0hqfkkp7zjw735dh5tjcm2l43,degens,2000,3264.641875,3264.641875,13
terra1p00nks9jfhytdguqpvf8nysyvced7prwc6f4h7,degens,4000,3263.238488,3263.238488,13
terra16gtq0txq2l49p8upyzjwu97fahlxdk8nfqgnvm,degens,4000,3259.039069,3259.039069,13
terra1pyjmk6va56lh0k2j3ax2jrevajhra5qp8egjpr,degens,5000,3257.8375,3257.8375,13
terra192tdr4phs7z3lztz8n5yrmu0pwqwxq6rjwmsr3,degens,2690,3254.315583,3254.315583,13
terra12eu4as0z09erkf98hj0m5p50dpkwrnqadm7ha8,degens,2600,3254.284365,3254.284365,13
terra14pmnal92nxr5w0yhd2acmew3aquk5ctv8eezj7,degens,3252,3253.857724,3253.857724,13
terra1fwlvmvphysmwc6c78frkcx7e063dlz9av565k7,degens,2001,3253.61954,3253.61954,13
terra17e85g3rsxmggnkwwsgshrxcvuh83f3lfam0me2,degens,2222,3253.474535,3253.474535,13
terra16pt0ep8jfnsu0y8aq6yw99wc3dh5s9nm3acypf,degens,2000,3252.812715,3252.812715,13
terra1zev470vlwdfup3syyu7jn2r0dxkcd8f6q94te9,degens,2120,3252.618825,3252.618825,13
terra1vmm5d6tn6fzqp8zfgplhcndwa0wj83qz0m476h,degens,2000,3252.388235,3252.388235,13
terra1pr4y9xps4hqa660sawl58n8lfnug87lskse6k4,degens,4000,3252.06595,3252.06595,13
terra1k83rxqdwpf0nnru9jx8aqrs2ncqnku73ntnn4q,degens,10000,3251.251508,3251.251508,13
terra1zt0s370039dkcvpmd5amc8z85w3rjykvaly9fq,degens,3215,3250.57104,3250.57104,13
terra10r22d9adenqstzr84dffxvhrgvvvy7slc8zymf,degens,2000,3250.006618,3250.006618,13
terra1qaju5jwaq0kmcrgv44q4zfu39c2v2e3cz2jxl2,degens,2500,3244.586756,3244.586756,12
terra1we9uyc69xzpwuxy765dg8usfuz3kykrwer5wgm,degens,2500,3242.445344,3242.445344,12
terra1cts0ly6y9ffjkua7kv4hf073xd8j6kjaracycg,degens,5000,3242.039403,3242.039403,12
terra1l47szva968sxvtpl9w24tk6nkqa77d59pkclsv,degens,2010,3235.552349,3235.552349,12
terra1s22gkwl6vp2jj6272vmdky0wfrxldp9acphntp,degens,2000,3230.866765,3230.866765,12
terra133m64qdjq2rr0zw22ccq8w7gz5f2azad6qm882,degens,2250,3227.594251,3227.594251,12
terra1kwawc69v6th5aucmj3g4r5njhkk6mgyrn8un9g,degens,2000,3224.175576,3224.175576,12
terra1rts5y83faw3tyh9kr8uyzyptajntljdja0dqn6,degens,3000,3209.884023,3209.884023,12
terra1zhr9jv2swdlm9hmusklzz48amk7xy46klaj55z,degens,4400,3207.88343,3207.88343,12
terra1ze7p82c2das629ype5f3xcrmtg7p5jtp6hpdrq,degens,2200,3201.312516,3201.312516,12
terra1tlfv690n6nae6h9tpdzq0e28vm5uvyz59p92ug,degens,2000,3198.395668,3198.395668,12
terra1kcpvnfhx0mg77kz4j0dp7h7l9ytynp29rkrxqy,degens,2000,3185.832788,3185.832788,12
terra1um5f8g2h2unm9v9pcqhgs7m8t892jv509htxph,degens,5000,3185.754257,3185.754257,12
terra13q6sa34lqjqrv9txf4f6gzywtsw358syqxw8wn,degens,2500,3183.042183,3183.042183,12
terra1ynl3mxfk5fnzlm6efndg4hjkrlpgrwsmx6huxu,degens,2000,3179.543091,3179.543091,12
terra13xw8zzmxlsfm4vxk5kn8dzh0jy4n4y7uc9c8c6,degens,2000,3175.474989,3175.474989,12
terra1827w6tnx05yh40z8h290gt0tqfa9aj4p5dd8he,degens,2500,3174.306356,3174.306356,12
terra1jjkfgew9v77xnye5wrfw9ag09m4g02tqvtp080,degens,2500,3167.40277,3167.40277,12
terra10pjxljlfggm98qfu85694gatjvu3dhsj60d9kd,degens,2850,3165.990438,3165.990438,12
terra15m8xvcz77v7whhuxkyc6ucx0h025sd9un9v0nz,degens,2500,3164.21658,3164.21658,12
terra1j98alpzxs8nmsgfacpqjt4yfh74wh9hm0gsx68,degens,3000,3162.994039,3162.994039,12
terra1hq2sq595d5p0lwu368t8g62zvqx2lcwgu0ead3,degens,2000,3162.844625,3162.844625,12
terra1vxs3qmyfz3r6egpj7w7e6w9quxvjenvr4vt90x,degens,10000,3160.353289,3160.353289,12
terra1e7a7ggkasumeu0ejjdha7s385lp2www06lz5ln,degens,2200,3158.801645,3158.801645,12
terra1ms0hk5y2jluqhzl2v5mz7vgntzpfvxen8awwtm,degens,2002.927597,3154.945358,3154.945358,12
terra17rzmxdv2zf45jk8h7t7kfaq2v8fvjljdeavkx7,degens,3900,3154.618576,3154.618576,12
terra135hcr5uajv00w88wfk282tm9xk4ga6ushcaeqq,degens,2100,3151.61632,3151.61632,12
terra1sp5edp9kgc24m02ez2mwgkqx0gdksnusmn4zpa,degens,2000,3146.57675,3146.57675,12
terra1nuy4062j4c7750hptxy684ujzxphcsk8mfn9r6,degens,2000,3145.840717,3145.840717,12
terra193r7m6hp94ej6t7v4japslc2f58a0fxt34xh3v,degens,4000,3141.527845,3141.527845,12
terra1nkc7k6dkfxzupflld00ayfvys0zlxja2qnllcl,degens,7000,3140.778404,3140.778404,12
terra1c4jsc0traz7k3u9fmlnw0k43fl755r3h2rg6fe,degens,2000,3139.725177,3139.725177,12
terra1l5jtrm52rys6ma8r6f7tdyzqt0afmmjn3alx9y,degens,10000,3138.370433,3138.370433,12
terra12ma5wy7hm4lgc9ul7syhyvq42tthua7selr9wz,degens,3200,3134.292167,3134.292167,12
terra1gy49qugz2hxcm5su2ckr0egkctp2hrfgtakykz,degens,2000,3133.812929,3133.812929,12
terra1s59xawsehenj9mvgc3rwgm0atkfmk46hs42sps,degens,3000,3130.361727,3130.361727,12
terra1y97j3ka8e0wsk7auxs7vjfxwtw3nuxmxzqqq6q,degens,2000,3129.54963,3129.54963,12
terra1g3n37lz2naczz0qkn004mejpux6mlgnr7hth8s,degens,2000,3115.35972,3115.35972,12
terra156jx468yel8s23530ld6vx69ctjajf9tt7mae9,degens,3700,3112.374451,3112.374451,12
terra1g0rv6wg0tqkuhq7z8wy9z4lds9w4qhmf20e4f4,degens,6000,3109.939176,3109.939176,12
terra1cvdcc4mwwx3p6s32n8tl7xgnu9u0yvlsjj3pta,degens,2000,3107.171102,3107.171102,12
terra1jdk06sd6z0s233j2vs7r99p9h856asw98j53rq,degens,2500,3101.11236,3101.11236,12
terra1cegtnaqr5stdkrh5m2fcgzhhv2gud9cvk8s6f3,degens,2090,3100.565684,3100.565684,12
terra1q2vg2y9lllxh0z638mh6dsyg3qukavl4nla47r,degens,5000,3098.047298,3098.047298,12
terra1cg6x8xpmckqr4tex4r03f06ds5ax49l4m58nqk,degens,4000,3093.281236,3093.281236,12
terra1q4ds0quxtqa6ewq84qctt0nveprz02dh4wzyxc,degens,2000,3092.581958,3092.581958,12
terra12rx5j86xe8cclmy3a5xnq9tj9cqj4snv4stqnd,degens,2050,3091.802411,3091.802411,12
terra16cjangjanlj37hn0qy27ltz9gxekecll0t9el9,degens,2541.165255,3091.030181,3091.030181,12
terra1rmt59lnh55dysl3vrqw3j8z3l2nm2lj7kc975r,degens,3001,3085.550099,3085.550099,12
terra1a40kk3366l9p82uxeu4eyat6sweg539xwc0tu0,degens,2001,3085.210159,3085.210159,12
terra1jextux2j45m2tnazml8gwl434gwancx32pss4q,degens,3100,3084.673524,3084.673524,12
terra1yufvxf2z04357g4fsm5r650rslskm3runp02y0,degens,10000,3083.37959,3083.37959,12
terra1v43japkw7x6hu4neszm9rahq8kzq72dnft3pae,degens,10000,3080.133288,3080.133288,12
terra1zk3a84j3hj4n3xgljzjs64c8cah5zawgrpsh6z,degens,2500,3080,3080,12
terra15jgnxpr5rrf6tx0ffsz07m30pzv6nnf0ghfjl3,degens,3000,3078.286506,3078.286506,12
terra16w8xpkuxu4evherpvc8yxjvfllhsvvj3vgp093,degens,3000,3078.278359,3078.278359,12
terra1ry2nxv8njru3jh5shkn637rhgn04dkpnejhkml,degens,2010,3078.039918,3078.039918,12
terra1p9y0keju6n5nclplnd40spplyrk4mw35j4p8ha,degens,4200,3072.928062,3072.928062,12
terra19cwxh2pcc7wpqlj5sxh73meynf6yeqwa9p4vqe,degens,2500,3072.606994,3072.606994,12
terra1cvytkpzlkeuw6prs7zh3chx230vcd0k64e4wdk,degens,5000,3071.837396,3071.837396,12
terra1fl8nl3dwafga336jl95s2tcafukpm48fy62jhu,degens,4000,3070.871773,3070.871773,12
terra1s6eg0qxwlca7at2t6xx0rj7vrpqwlylddd0nq8,degens,4005,3070.277891,3070.277891,12
terra130xtcvfz633f3dtmkth3d4fsnrwaw4a8xz6vn5,degens,2000,3067.220253,3067.220253,12
terra10jpej36snhc8gjykqmz48z3cgnpd2ly4xrmgru,degens,2001,3066.611769,3066.611769,12
terra1prga3yuqnk4plcuddvcydysqwl57he3du5v92r,degens,3000,3065.075843,3065.075843,12
terra13saedr3su3f22qyyvacx2ut2upg86xdd2hqxzu,degens,2374.180379,3062.882869,3062.882869,12
terra1y26l06p0url6h80582gckhjqkyykqgftmnfrr2,degens,2000,3062.691454,3062.691454,12
terra1zfam3f470pw7h5tv6c9kxkp40njgcehg43kct4,degens,2000,3062.665051,3062.665051,12
terra1pmkstt8srklxgkftf9s05u647g9n0s8nu0298w,degens,2000,3059.855386,3059.855386,12
terra1zffalkht6r8u5prw28klxw5w3wee7q4lawnf58,degens,2250,3059.325455,3059.325455,12
terra1gn3kh6cjsj5cf0zu02k04zfl4t5vssf5spzrqg,degens,2000,3058.895308,3058.895308,12
terra1unlp42rd836ytwvaceqrc0dt8cz3yvy7rge3r6,degens,2003,3058.469204,3058.469204,12
terra1elzwuxhw0qxea257gnkhend27qvsmsf450mp6f,degens,2000,3057.495481,3057.495481,12
terra1a2afzfnv9tcc00wtq7jv38nwaxgx0uzxng26ft,degens,2000,3056.701529,3056.701529,12
terra1l8jvmr9zul4ezd242z8mn2q5ps39nsxtc78nnx,degens,3000,3056.13804,3056.13804,12
terra10akduedru93mhp05nxhlha9nv0nhp83e36rxdm,degens,2005,3053.565066,3053.565066,12
terra1zvdnzqj6x0xkusdks09j2zl3yzhjc65xyuk3s8,degens,2000,3053.355155,3053.355155,12
terra1gay2szmgzgjt03dh2jvvnu503zg554a3ky5agg,degens,3125,3052.210204,3052.210204,12
terra15c2aze5lrgp99s2pny44wfn623ceyffrxllhhp,degens,2000,3050.864833,3050.864833,12
terra1jhp43gp068w89s52vqr5s4gl4a2jcldq9fh0zh,degens,6600,3050,3050,12
terra1aw7lac23ux9m5utlqghnalf40wnpjfejf0rt5y,degens,2000,3048.100626,3048.100626,12
terra1evg3cvge0hl06hhf49c8hlggahdtdvh34vetls,degens,10000,3047.355651,3047.355651,12
terra1txesdfqf7c9532ctead3l48qxthndag94u952h,degens,2030,3046.847143,3046.847143,12
terra1rwc5mezhjde76ts43c360z7mc5tarv03kkhm8f,degens,10000,3045.30873,3045.30873,12
terra1jz6xa88n6rhnkxxel5wksz2qd2g29zvntv3q73,degens,4000,3044.757365,3044.757365,12
terra1r8va4zkka0a20kf98pd4x3t60ajg2m9t0ppxrg,degens,2020,3043.102511,3043.102511,12
terra1dqx7q25ftxudqz6z4e6yd36qhxhtkhk7aesf6s,degens,4960,3039.079373,3039.079373,12
terra1er2pvc557xmnduuc2es5ue2fl6223fktqjqgnv,degens,2000,3038.435106,3038.435106,12
terra1nylg2gq8s4rc47jlm7lekwkjpvuzezpwy0g2km,degens,2000,3038.344021,3038.344021,12
terra1hrnmjphe2ec7n0gvjcs5dqgzfqvvd2z9pdxs4k,degens,10000,3037.063134,3037.063134,12
terra1vynn2mhzysjfmlg6gq658r5af5atzfjj8rz0cs,degens,10000,3035.799451,3035.799451,12
terra1n6rcjqpllg30n09ajxf4e6cz5tam9zevnd0g9d,degens,3600,3035.388549,3035.388549,12
terra1rqg2ha3ljmjwn0y04sqzgl37gc3lnav5n7x9ct,degens,2000,3034.688401,3034.688401,12
terra1mfzvtypmahgp2t2efgf50sd2a4jfp97w4gpy9a,degens,3600,3033.033643,3033.033643,12
terra1pd2hx2e49sl99k5epmm5rsgm34cctqfenz0d93,degens,3000,3032.276416,3032.276416,12
terra1qvf7gamkhskz4nftv3u5d22ww0gqn0wpjk9jgw,degens,10000,3032.031978,3032.031978,12
terra1jf3l8ecwexhvdmf7z3vp7674c6n44zutsv8pta,degens,2000,3031.526557,3031.526557,12
terra1ntel9a3zvyfcxrgrhec7sg3gza6qtwglphd0u3,degens,10000,3031.455038,3031.455038,12
terra1myvf2527gjssca0tehtuyaj860ulr93jkjmy38,degens,2000,3030.620259,3030.620259,12
terra1nz8cda8k7hp0txmm9uf3vgkejlr3qegrp3ta65,degens,2100,3029.864141,3029.864141,12
terra1eyqf0t3pw3mu3vfz0nkmuscewe6gl32mml6782,degens,2000,3029.803736,3029.803736,12
terra1lm08ujfe0vs7ylg8w0llwuzzrstv72xtypastq,degens,6350,3028.629513,3028.629513,12
terra1w2f4khrxqmuru4l9k2qfe0u2utg5gu5v63cmdh,degens,2500.016772,3027.612762,3027.612762,12
terra1gxwlg0rk530f5g0q4j4rqqlx6fwck2trglclgd,degens,4000,3026.909896,3026.909896,12
terra1qs8j03744gmddnl5sm6xk7304pgygl43mwpest,degens,2000,3026.351126,3026.351126,12
terra1td67ep7cpmp00m30l87ue3cz2ln70x33v4fa5v,degens,4500,3026.077699,3026.077699,12
terra192xfm5hy996ttccsal35jvy6tga34t3zwwkvtw,degens,2000,3024.65501,3024.65501,12
terra18demvrs4tpeg43dwaxn7gfq4cwlm2gm37r6pc7,degens,4050,3023.119042,3023.119042,12
terra13g6cun82nrrfqwln4aewz37prc7hykakuk07gp,degens,4000,3023.107752,3023.107752,12
terra1jar2v0n6snv0zprpszwrzvqkwvvzyjdwjd60k9,degens,2000,3022.179108,3022.179108,12
terra1qur3jaqwhtz7lygdd48uz5j85wwpam0m2y2hyp,degens,2000,3021.543724,3021.543724,12
terra1yeuvhuez9h4udd4yexczkkqnlkmazrdsnlzxwj,degens,2750,3019.392503,3019.392503,12
terra13p9raa4ar8vtq4tgneg4f6u8mycgzh4c904zt7,degens,2002,3019.370312,3019.370312,12
terra1wegn69d428xefg56tj4s083agu630msz0k7c8p,degens,2450,3018.051126,3018.051126,12
terra1nnnstvepxlxh2el3mhlkancz7a4fjmwduv0lyf,degens,8000,3017.515823,3017.515823,12
terra14aswq3cheyet3lahpnfze9vrqdyzkxspa7epd7,degens,3500,3017.173992,3017.173992,12
terra1q2fsm2dep4wwwc5a2z84ur72qaprus7y8k8k69,degens,2002,3017.05486,3017.05486,12
terra1f069wvjscfla26jj34l90rultje0644e7k3sth,degens,3200,3016.629844,3016.629844,12
terra17awmr9v5zyhnz6vu9f27geu43ek0uc7gsayswt,degens,6730,3016.600194,3016.600194,12
terra17epryksxupthyvhhgt8lgwlkgywwp9zx2qzduc,degens,10000,3015.784718,3015.784718,12
terra1slz8xwhmdylrdesgp0w6ldp0tpk7k0t0ey587x,degens,2000,3015.290075,3015.290075,12
terra17crhxhvuvwg9emfh03f0aent2ze5qnzgxscp36,degens,3000,3014.580682,3014.580682,12
terra1smcf7ccspttlrxalcdzwrwlnvh72x4mge8nnj0,degens,3250,3013.952895,3013.952895,12
terra1wnw9qwa6uewumdzcz4qkhj3zqcm7xrepddmtf9,degens,2005,3013.72854,3013.72854,12
terra1437t9kjgpmhupjh2sm8rwwxaynzew0a0u0ld8h,degens,2000,3013.662793,3013.662793,12
terra15k2dvc78fm9xt0rgvm0a8ytg8cylwzr70m8fnu,degens,2500,3013.571888,3013.571888,12
terra17tncrvwgh49zju8uxcnuwz3up43x0lyh43h8r0,degens,2500,3013.301214,3013.301214,12
terra1g27h6f77gp46p0fks83capug73akkmck5gj78r,degens,3280,3013.138108,3013.138108,12
terra13uw5h9shv94yuz5xmj05pctc5w0775qn7xz0m7,degens,2000,3012.632201,3012.632201,12
terra127zyclke4d6x2uzj0j8pnrjxq65ry0qctv5hge,degens,10000,3012.510997,3012.510997,12
terra14dpaujqr9me05wls60p9hyd4d6xhywkzdty8rr,degens,2500,3012.437194,3012.437194,12
terra15jca7l5stj9npkvn2asexd7nydahsntc4ppls5,degens,2970,3012.407199,3012.407199,12
terra136q2w92k037xgpt33aefser6dfj3w2n829aqa7,degens,5000,3011.95731,3011.95731,12
terra1zq7y89qcaklkkpccsd5y8sdxmsgrnhe6nnmvfj,degens,3000,3011.825427,3011.825427,12
terra1gv5g9xzk9u6temc664tmr5g7a7ajnyuc2hf2wx,degens,2000,3010.793428,3010.793428,12
terra1j0sg0jtantq5d2hxu0zncageqv2tdd5z7a578n,degens,2000,3010.547705,3010.547705,12
terra1wgwaax7yzrcfx04flm0evwys4accq5nn9atg0v,degens,2000,3010,3010,12
terra1yt7ugglmypc33zq64s5wu7dkah5xh644eve4lv,degens,2500,3010,3010,12
terra19rcr6xuz8he7833cl00u7jped59um4ry3x0thz,degens,2500,3009.949361,3009.949361,12
terra198vr695yc63ex634633m6wjlw5prvxl9ltyqcl,degens,5670,3009.808689,3009.808689,12
terra1k7lduqpzvwgc5vfhg5de8adrq4yvhalnehctf8,degens,2000,3009.158833,3009.158833,12
terra1lu04swgtfm8ph49t798lwguakxywygzpnwck9l,degens,2000,3008.660795,3008.660795,12
terra10ja5cguysvsyza9zdd5zsvlwx0dwe9yr9le356,degens,2000,3008.640948,3008.640948,12
terra1deaf069nwsfguueehhe99wdk4kveskvmh3m3w4,degens,2000,3008.233599,3008.233599,12
terra16pj7ysulqjfnwc62srqkzxuyl0a6j792e7lvyt,degens,2000,3008.102942,3008.102942,12
terra10mx52q9ugplaq03xhvk5gyjndutzqjkdgpgr68,degens,2000,3007.820063,3007.820063,12
terra1nghkxpr6axs8gjwudu3e2elck0lan74mp0yca7,degens,2000,3007.746154,3007.746154,12
terra1ne7mvr2f22umlpal7gzhqrq2xkz6h5kclu0l4d,degens,2200,3007.288465,3007.288465,12
terra16gkrf094rtq6r3v76ucq4m3ncta9gfnhleh886,degens,2000,3007.195117,3007.195117,12
terra1vakq53rwxqd4x2zywnddwzzk9gs4r20n377zwm,degens,2002,3007.194789,3007.194789,12
terra1vgplj8uwv6ccc2w8fwj7va6cec6csxtcac625x,degens,3001,3007.038712,3007.038712,12
terra10yshaaf3dtzj6ljqzpj7hrsvl8w5jc7xykukls,degens,2002,3006.94069,3006.94069,12
terra19qgs49uku7msp74qaxatt7ekdjvdpcqh2wvny7,degens,3000,3006.395753,3006.395753,12
terra1707czcmd7k0r2a437z9z6zme5v0wxawk84q5gj,degens,5000,3006.206123,3006.206123,12
terra1wgz33xr0ag3xl4tc2jpnpt4ekxhlysqh73g9td,degens,2000,3006.035918,3006.035918,12
terra18hv6kkdww8hum882zee0ea8kc0zd7h43ptzx6w,degens,5000,3006,3006,12
terra18x5ug3c5w5af8l9lfpemg5eevnj0dz6gxvwstt,degens,10000,3005.927138,3005.927138,12
terra15hv8ldzf3rzvdnrjpswd4c4n9xz7svsvv6gtxf,degens,4500,3005.918907,3005.918907,12
terra19qmfmwdt56jkj4q0j2uldl6qvw9wxjwgrvyj7t,degens,2050,3004.883063,3004.883063,12
terra1ncvp983yw2665hhxtd9d4svkdl8utjz0cwu73n,degens,3750,3004.436226,3004.436226,12
terra165xa5akhtpqndzku5v7mk5m2fldf9fdx2pa30k,degens,3000,3004.332777,3004.332777,12
terra1y76r38575e97lalnxnf5tf26dt0zmamznnm9pz,degens,2000,3004.286136,3004.286136,12
terra1jdz8g7rlpknhn08kl5peqafsg2xc6v4dxj3yef,degens,2500,3004.24239,3004.24239,12
terra1rq3tckm5mcu52rsj4jq5xlyny748p08prrsfvv,degens,4850.615919,3004.179126,3004.179126,12
terra1nutcgkuuzsyhyymtu0ww5q4cv7h0mv95n6j6qw,degens,3000,3003.93043,3003.93043,12
terra1cdpceapd8emf6y7q4gp3mnhy4hd0a4qza5qxrl,degens,2050,3003.866674,3003.866674,12
terra1amkrxt9n4nqmml7a4ch92v3mukha80ls4xaku6,degens,2200,3003.748331,3003.748331,12
terra1k6rkpn78nkmlgltalfay9p84njk6gmgx7htgvd,degens,2000,3003.503239,3003.503239,12
terra17f3e8gzl446eyf02ux3fdph67dtlx8upuuw57h,degens,2000,3003.444935,3003.444935,12
terra14dmwl0m45alcm8lv3kywn0jem03l8v69q2knnz,degens,2000,3003.278506,3003.278506,12
terra1gzum29dn6jjr2p2qwydg5uw54euagd94wq46dl,degens,2500,3003.104169,3003.104169,12
terra1gycgtkwv2m0exuj8xsgkyjz2w62hgws84dxxqs,degens,2000,3002.881182,3002.881182,12
terra1u2p3f7pd83fv36p20ekynn28pzhkaedu0nmkhj,degens,10000,3002.819125,3002.819125,12
terra1hhaa9h7dzh8jdjvl23lhxr279tv3s7s8smkvr9,degens,2000,3002.804209,3002.804209,12
terra1qqspxl0as2ctgjkj6x8hpa3h6jujfefweg48tm,degens,2000,3002.617354,3002.617354,12
terra1rvkhgqn89e2uwm7308pnrkr698x0z5malya505,degens,6000,3002.5,3002.5,12
terra1s3skuwmuk77g0t9mdc7y2jgymxhy45vhp4epk5,degens,2800,3002.421644,3002.421644,12
terra1n78agmx3at9ssg76hukfshkd6ycqpxawtswf77,degens,10000,3002.396295,3002.396295,12
terra1s6gr299ph7c4qn0ep627m028afmpfacuu3sven,degens,3000,3002.167989,3002.167989,12
terra16gdvel8yeuj50xyhlnj47aj5t004uvd4nwswqq,degens,2550,3002.163678,3002.163678,12
terra1wfrmcmn4q92lrlx0gthugrhn3t0mw0n7ypq0m9,degens,2005,3002.132333,3002.132333,12
terra1mrrvtd3wd5wzckdpqcrwq9hkcf0yp8uzaryt8q,degens,3000,3002.091566,3002.091566,12
terra152sarmrvnut20nqj4566m3md7j6hqulddwth7d,degens,2000,3002.086804,3002.086804,12
terra1ptrl3k5q4s3pal9u26aymfeyk9jw8nd700mw7n,degens,2000,3001.999997,3001.999997,12
terra12eddhvujl96pfc9x5vfwcu8vrktakq3xpj2w23,degens,2000,3001.998499,3001.998499,12
terra1mnxs6h35pqy9afkx7n2eah9ey7wgp2mfu2u8xq,degens,2000,3001.830151,3001.830151,12
terra1cjwtnxjy8sx7flgncl35y78fwq7rahxyq3hr9n,degens,2500,3001.558441,3001.558441,12
terra1epjlshpgehp2k4umqxxav99n2z3chkc2wlwk3g,degens,2000,3001.354924,3001.354924,12
terra1sr78nsn2hy0d8c2cud7pqqccvsefgx7rwsf54k,degens,2000,3001.262078,3001.262078,12
terra1ch64f82z4sa9vugsqzy37g6leurdj97jqr35cp,degens,2000,3001.074051,3001.074051,12
terra10hryzctz898clsrm802kknyj4l6kayuaelr0lu,degens,2350,3001.025888,3001.025888,12
terra1tptw97x4lpl3n774e4mu9lk4lmhspe2mfrqmpm,degens,2000,3001.015034,3001.015034,12
terra1wacezqsyjq35r43gvq6g7qn6j86e2yvcc7zpf0,degens,2000,3001,3001,12
terra1r4d5h4k4640qzkn4mgfhvslh8d8jyefxq5gcc3,degens,2100,3000.737769,3000.737769,12
terra1e2llj6kg66tshurd5jtsq4grmwqh3pe5app6t5,degens,2200,3000.601718,3000.601718,12
terra1y3n4jy46j66652vy82cnj2gscru2kvt404en7n,degens,3135,3000.516052,3000.516052,12
terra1jvff9gwha83y2ednu3p4yk3q4yryslrjsekurk,degens,2000,3000.509254,3000.509254,12
terra186cc70tmm94eu3n4hy9w6w6a7qdeneydrzu8pq,degens,10000,3000.499999,3000.499999,12
terra1d524clnyl7yqw2a665cqwynkymgyt5dw8vc4tk,degens,10000,3000.31514,3000.31514,12
terra1tx4p3qccyv3d7q4jwptk3ptc2srlg5y032778w,degens,5000,3000.161683,3000.161683,12
terra12qql2eq3ecscskw9mva8xfqzf0e0jjdvl0wsvk,degens,10000,3000.112681,3000.112681,12
terra1ngh50yj9ckntfcea36rux0zu7mph24758ah63w,degens,2000,3000.0455,3000.0455,12
terra18kcdpq20rwm5c633hqytasphflmsrd57m3hy5c,degens,2900,3000.000389,3000.000389,12
terra1mfdh5eel783w743hy20vgxxurgscap4n3hjw54,degens,2000,3000,3000,12
terra1sje7dkjtjrz5rd7stw9py2w0pd3pjfnj94vgu6,degens,3500,3000,3000,12
terra1w9322huwfcm4mdlrygn8rktue22up8mlrx5hzh,degens,2000,3000,3000,12
terra1df2y4ypap5msscq2d3tt7zrn2yquc40kcnqmhv,degens,2000,3000,3000,12
terra18432dtt80p3k0g2f6x6czvqcf2mwvj97hfqh20,degens,2000,3000,3000,12
terra1xqy8qddcpp0k6hdetascdhfdve6g7e72u3vfy5,degens,2000,3000,3000,12
terra19nvupnwnngxfyhhagqurlj32cn57yq7yjqrql4,degens,10000,3000,3000,12
terra1r4vjqmfev2xxs489sla6f8t4k8ayf6z34qrz27,degens,5000,3000,3000,12
terra1p5cqsnjhjmcm5fvrajz6drrctc8ymatdl08t6p,degens,4000,3000,3000,12
terra1pg9lhnffr4gay9jg004660qtm0qrzljg0zpd5s,degens,2000,3000,3000,12